Player,Team,Positions,AB,R,HR,RBI,SB,AVG,OBP,H,2B,3B,BB,SO,SLG,OPS,pts
Trea Turner,LAD,"2B,SS",606,109,27,86,31,0.307,0.359,184,35,4,48,113,0.507,0.865,622.5
Juan Soto,WSH,RF,518,114,34,106,11,0.319,0.465,161,29,3,137,100,0.575,1.04,693
Vladimir Guerrero Jr.,TOR,"1B,DH",571,109,41,112,3,0.309,0.391,174,31,2,76,103,0.586,0.977,657.5
Jose Ramirez,CLE,3B,560,102,35,104,25,0.275,0.361,152,36,4,74,93,0.539,0.901,659.5
Bo Bichette,TOR,SS,604,105,28,94,21,0.295,0.341,176,35,2,42,127,0.497,0.838,583.5
Bryce Harper,PHI,RF,534,104,37,101,13,0.288,0.411,150,35,1,110,148,0.558,0.969,638
Mookie Betts,LAD,"2B,CF,RF",574,115,30,83,16,0.283,0.371,159,35,3,79,102,0.507,0.878,616
Mike Trout,LAA,CF,498,101,37,98,8,0.291,0.414,141,27,4,102,147,0.572,0.986,598.5
Kyle Tucker,HOU,RF,553,89,31,97,17,0.283,0.349,154,34,4,56,111,0.526,0.875,578.5
Ronald Acuna Jr.,ATL,RF,476,105,35,81,23,0.286,0.382,132,26,2,72,137,0.564,0.946,565.5
Freddie Freeman,LAD,1B,569,105,31,101,6,0.302,0.394,169,33,2,85,110,0.521,0.915,613
Rafael Devers,BOS,3B,587,100,36,106,5,0.283,0.347,165,38,2,56,135,0.537,0.884,595.5
Luis Robert,CWS,CF,558,87,27,86,17,0.29,0.336,160,33,3,38,143,0.506,0.842,516.5
Ozzie Albies,ATL,2B,604,101,27,89,18,0.273,0.325,163,37,6,46,119,0.488,0.813,575.5
Shohei Ohtani,LAA,"SP,DH",533,100,38,94,22,0.259,0.359,135,26,5,81,172,0.549,0.908,587
Starling Marte,NYM,CF,542,88,17,66,33,0.28,0.328,150,29,3,39,109,0.434,0.762,489.5
Manny Machado,SD,3B,578,91,31,104,11,0.279,0.352,159,30,2,64,107,0.497,0.848,576.5
Yordan Alvarez,HOU,"LF,DH",546,92,37,111,1,0.284,0.356,153,32,1,61,145,0.546,0.902,561.5
Aaron Judge,NYY,"CF,RF,DH",552,99,39,100,5,0.28,0.37,152,25,1,77,166,0.535,0.905,564
Tim Anderson,CWS,SS,599,98,21,69,19,0.299,0.329,177,33,2,27,132,0.461,0.79,499
Xander Bogaerts,BOS,SS,572,92,26,91,7,0.291,0.364,164,37,1,65,119,0.491,0.855,547.5
Matt Olson,ATL,1B,554,97,39,108,3,0.268,0.365,146,29,1,83,132,0.534,0.899,591
Teoscar Hernandez,TOR,"LF,RF",554,87,33,100,10,0.273,0.326,149,28,2,44,162,0.501,0.827,513
Marcus Semien,TEX,"2B,SS",593,96,30,82,11,0.262,0.336,153,32,2,66,126,0.474,0.81,546
Cedric Mullins II,BAL,CF,583,89,24,63,26,0.269,0.331,155,31,5,53,123,0.462,0.793,523.5
Whit Merrifield,KC,"2B,RF",606,88,12,64,29,0.282,0.325,169,35,4,39,96,0.41,0.735,500
Trevor Story,,SS,568,91,28,83,22,0.266,0.333,149,34,4,56,153,0.481,0.814,538.5
Francisco Lindor,NYM,SS,574,91,27,84,14,0.258,0.333,146,28,3,63,111,0.454,0.787,529.5
Salvador Perez,KC,"C,DH",540,74,36,98,1,0.266,0.299,142,24,1,25,142,0.514,0.813,465
Paul Goldschmidt,STL,1B,575,94,29,87,7,0.28,0.362,158,30,2,72,137,0.485,0.848,538.5
Austin Riley,ATL,"1B,3B",570,87,32,99,0,0.28,0.338,158,30,2,50,162,0.504,0.842,507
Nick Castellanos,,RF,582,92,31,94,3,0.282,0.335,162,39,3,46,141,0.517,0.852,540.5
Wander Franco,TB,"3B,SS",576,93,18,80,9,0.288,0.343,164,33,8,48,82,0.463,0.806,524
Randy Arozarena,TB,"LF,RF",542,87,23,74,19,0.265,0.333,141,29,3,54,162,0.451,0.784,472
George Springer,TOR,"CF,DH",534,100,34,87,6,0.267,0.349,140,26,2,66,133,0.51,0.859,532.5
Pete Alonso,NYM,1B,564,90,40,107,2,0.261,0.339,145,27,2,66,140,0.525,0.864,562
Byron Buxton,MIN,CF,494,85,31,77,16,0.275,0.317,134,34,2,31,133,0.538,0.855,490.5
Jose Altuve,HOU,2B,578,103,26,76,6,0.277,0.344,157,30,2,58,94,0.468,0.812,529
Tyler O'Neill,STL,LF,523,86,33,88,13,0.262,0.32,135,25,2,44,175,0.507,0.827,479.5
Eloy Jimenez,CWS,LF,561,76,31,97,1,0.273,0.322,152,30,1,39,145,0.496,0.818,480.5
Nolan Arenado,STL,3B,587,83,32,100,2,0.264,0.327,153,31,2,54,96,0.482,0.809,542
J.D. Martinez,BOS,"LF,RF,DH",564,85,28,96,1,0.276,0.345,154,35,2,59,147,0.492,0.837,510.5
Jose Abreu,CWS,1B,575,86,30,107,1,0.269,0.329,153,31,2,51,141,0.484,0.813,516.5
Corey Seager,TEX,SS,528,86,25,87,3,0.29,0.358,151,33,3,56,99,0.505,0.863,511.5
Javier Baez,DET,"2B,SS",557,79,27,84,15,0.256,0.292,141,26,3,28,179,0.461,0.753,441.5
Adalberto Mondesi,KC,"3B,SS",483,66,17,60,42,0.249,0.289,120,24,6,27,147,0.426,0.714,417.5
Brandon Lowe,TB,"2B,LF,RF",533,90,34,90,6,0.25,0.331,131,28,2,63,166,0.497,0.828,501
Alex Bregman,HOU,3B,529,88,24,88,2,0.271,0.369,141,32,1,81,84,0.469,0.839,523
Giancarlo Stanton,NYY,"LF,RF,DH",508,77,34,97,1,0.268,0.35,135,22,0,63,160,0.511,0.861,474
Fernando Tatis Jr.,SD,"SS,CF,RF",394,79,32,76,19,0.29,0.37,106,22,1,47,110,0.596,0.966,466
Ketel Marte,ARI,"2B,CF",571,86,22,78,6,0.298,0.356,168,37,4,51,97,0.49,0.846,520.5
Carlos Correa,,SS,546,85,26,90,1,0.279,0.357,150,31,1,65,121,0.48,0.837,500.5
Jorge Polanco,MIN,"2B,SS",582,89,26,86,10,0.272,0.327,156,32,3,47,113,0.467,0.794,518.5
Christian Yelich,MIL,LF,512,89,23,77,14,0.266,0.373,134,26,3,86,146,0.458,0.831,494
Bryan Reynolds,PIT,"LF,CF",565,88,24,87,5,0.288,0.367,160,33,6,70,130,0.493,0.86,530
Jonathan India,CIN,2B,548,97,22,70,11,0.266,0.351,143,33,2,70,143,0.449,0.8,490.5
Kris Bryant,COL,"1B,3B,LF,CF,RF",537,91,25,79,7,0.272,0.352,144,33,3,65,139,0.483,0.835,498.5
Jesse Winker,SEA,LF,496,82,25,76,2,0.284,0.369,138,30,2,66,101,0.497,0.866,481.5
Franmil Reyes,CLE,"RF,DH",543,79,37,102,3,0.258,0.328,138,23,2,56,180,0.508,0.837,491
Mitch Haniger,SEA,"RF,DH",564,90,31,87,3,0.252,0.32,140,25,2,55,153,0.468,0.787,481.5
Jazz Chisholm Jr.,MIA,"2B,SS",521,77,22,63,23,0.244,0.303,126,22,5,44,161,0.429,0.732,422.5
Cody Bellinger,LAD,CF,482,76,25,78,9,0.239,0.325,113,22,3,60,120,0.454,0.779,438
Will Smith,LAD,C,418,72,26,80,2,0.26,0.349,108,22,1,57,102,0.498,0.847,421
J.T. Realmuto,PHI,"C,1B",520,75,22,79,10,0.262,0.326,134,27,3,48,136,0.447,0.773,439
Jared Walsh,LAA,"1B,RF",549,81,32,99,2,0.267,0.332,145,31,2,53,157,0.5,0.831,499.5
Anthony Rendon,LAA,3B,503,77,22,86,2,0.276,0.366,137,31,1,71,92,0.467,0.833,482
Ryan Mountcastle,BAL,"1B,LF,DH",561,78,30,87,4,0.265,0.315,147,27,1,41,159,0.475,0.79,458.5
Nelson Cruz,WSH,DH,511,77,31,90,2,0.261,0.329,132,21,1,51,134,0.492,0.821,456
Tommy Edman,STL,"2B,RF",571,83,12,57,23,0.27,0.315,153,32,4,37,94,0.402,0.717,453
DJ LeMahieu,NYY,"1B,2B,3B",515,79,13,58,4,0.288,0.354,143,23,2,52,76,0.408,0.762,406
C.J. Cron,COL,1B,482,72,29,90,1,0.274,0.346,130,27,1,52,120,0.512,0.858,459
Austin Meadows,TB,"LF,DH",526,79,27,91,6,0.249,0.323,129,29,3,57,131,0.467,0.791,477.5
Rhys Hoskins,PHI,1B,504,85,33,90,4,0.244,0.347,122,30,1,79,145,0.499,0.846,506.5
Jake Cronenworth,SD,"1B,2B,SS",560,86,18,72,7,0.275,0.34,152,33,6,55,94,0.447,0.787,488
Dansby Swanson,ATL,SS,571,80,24,79,10,0.254,0.316,143,30,2,52,157,0.44,0.757,457.5
Bobby Witt Jr.,KC,SS,506,70,20,71,18,0.263,0.313,132,28,3,37,126,0.451,0.764,428
Josh Bell,WSH,"1B,LF",530,82,29,95,0,0.267,0.352,139,27,2,69,118,0.485,0.837,502
Kyle Schwarber,PHI,"1B,LF",486,85,34,83,2,0.249,0.349,119,22,1,73,151,0.511,0.86,471.5
Joey Votto,CIN,1B,516,81,30,90,1,0.257,0.361,130,25,2,83,138,0.481,0.842,493
Trent Grisham,SD,CF,520,81,20,66,15,0.249,0.337,127,28,4,67,135,0.43,0.766,451.5
Max Muncy,LAD,"1B,2B",450,83,30,87,2,0.254,0.364,114,22,1,78,120,0.504,0.868,473
Lourdes Gurriel Jr.,TOR,"1B,LF",526,71,23,83,3,0.276,0.319,144,30,2,33,116,0.47,0.789,437
Yoan Moncada,CWS,3B,545,83,20,73,4,0.266,0.354,143,31,3,73,161,0.439,0.792,450.5
Joey Gallo,NYY,"LF,RF",499,89,39,93,5,0.214,0.349,104,18,1,101,208,0.488,0.837,488
Justin Turner,LAD,3B,501,79,22,81,2,0.277,0.347,136,24,1,53,93,0.458,0.804,445.5
Willy Adames,MIL,SS,541,82,25,74,6,0.258,0.332,138,29,2,59,165,0.453,0.784,446.5
Avisail Garcia,MIA,RF,530,71,23,78,8,0.266,0.319,139,23,1,41,138,0.447,0.766,417
Anthony Rizzo,NYY,1B,504,78,25,78,6,0.262,0.343,130,23,2,61,90,0.461,0.804,466
Chris Taylor,LAD,"2B,3B,SS,LF,CF,RF",494,77,18,72,10,0.256,0.335,124,28,4,57,153,0.438,0.773,413.5
Michael Conforto,,RF,509,78,23,79,4,0.261,0.353,131,26,1,71,132,0.441,0.794,448
Trey Mancini,BAL,"1B,DH",560,79,24,79,1,0.263,0.328,145,30,2,53,141,0.45,0.777,449.5
Jarred Kelenic,SEA,"LF,CF",481,64,21,67,11,0.231,0.301,109,22,2,47,134,0.419,0.72,376
Alex Verdugo,BOS,"LF,CF,RF",542,81,15,66,7,0.291,0.352,156,35,2,50,97,0.442,0.794,454.5
Hunter Renfroe,MIL,"CF,RF",508,77,32,88,3,0.242,0.308,122,25,1,47,142,0.476,0.784,450
Adolis Garcia,TEX,"LF,CF,RF",553,73,27,82,13,0.233,0.273,128,26,2,30,183,0.434,0.707,413.5
Ke'Bryan Hayes,PIT,3B,546,78,15,60,12,0.265,0.328,142,32,4,50,128,0.415,0.743,426
Dylan Carlson,STL,"LF,CF,RF",546,78,20,71,5,0.26,0.33,140,31,4,56,146,0.439,0.769,436
Matt Chapman,TOR,3B,539,81,29,80,2,0.228,0.318,121,25,4,70,185,0.445,0.763,441.5
Ryan McMahon,COL,"2B,3B",519,76,24,82,5,0.259,0.333,133,29,2,57,151,0.456,0.789,442.5
Willson Contreras,CHC,C,467,71,23,70,5,0.245,0.325,112,22,1,54,142,0.44,0.765,385
Gleyber Torres,NYY,"2B,SS",531,72,19,72,12,0.266,0.339,139,26,1,57,117,0.427,0.765,436.5
Jorge Soler,,"RF,DH",518,78,33,88,1,0.244,0.331,124,26,1,67,158,0.475,0.807,467
Ty France,SEA,"1B,2B,3B,DH",539,77,20,77,1,0.28,0.335,148,29,1,43,106,0.446,0.781,435
Josh Donaldson,NYY,"3B,DH",474,79,28,75,1,0.252,0.358,117,22,1,77,125,0.47,0.828,446.5
Austin Hays,BAL,"LF,RF",521,73,23,73,6,0.258,0.301,133,27,3,32,119,0.451,0.752,418.5
Yuli Gurriel,HOU,1B,522,72,16,75,2,0.284,0.342,147,29,1,46,72,0.43,0.772,433
Eddie Rosario,ATL,LF,464,64,22,74,8,0.265,0.309,120,23,2,29,74,0.46,0.769,406
Andrew Benintendi,KC,LF,493,67,17,69,10,0.273,0.337,133,28,3,47,106,0.441,0.778,416
Yasmani Grandal,CWS,"C,1B",417,72,26,75,1,0.243,0.381,99,17,1,90,123,0.468,0.85,417.5
Michael Brantley,HOU,"LF,RF,DH",489,70,12,59,3,0.296,0.349,143,29,2,40,65,0.435,0.783,397.5
Jean Segura,PHI,2B,546,79,14,62,9,0.282,0.332,152,28,3,40,87,0.419,0.751,428.5
Ramon Laureano,OAK,"CF,RF",447,66,20,59,12,0.251,0.313,110,24,2,40,128,0.443,0.756,369
Robbie Grossman,DET,"LF,RF",493,73,17,57,15,0.244,0.347,118,22,3,76,126,0.401,0.748,412
Ian Happ,CHC,"LF,CF,RF",506,75,27,78,8,0.242,0.336,120,23,2,70,164,0.452,0.788,437
Daulton Varsho,ARI,"C,LF,CF,RF",405,59,17,56,9,0.256,0.323,101,21,3,39,92,0.454,0.776,346
Alex Kirilloff,MIN,"1B,LF,RF",459,57,19,64,4,0.266,0.315,120,24,2,32,109,0.451,0.765,356.5
Eugenio Suarez,SEA,"3B,SS",469,66,29,78,1,0.225,0.309,103,18,1,56,154,0.449,0.758,383
Adam Duvall,ATL,"LF,CF,RF",491,69,33,92,3,0.23,0.285,111,19,2,37,157,0.478,0.763,412.5
Frank Schwindel,CHC,1B,508,73,24,77,2,0.269,0.313,135,28,1,32,98,0.467,0.78,427
Brandon Belt,SF,1B,448,74,26,70,3,0.258,0.357,114,23,2,68,129,0.49,0.847,423.5
Charlie Blackmon,COL,RF,525,80,17,75,3,0.282,0.345,147,28,4,49,98,0.448,0.793,444
Brandon Crawford,SF,SS,493,69,19,74,7,0.263,0.333,128,27,2,51,112,0.438,0.771,416
Akil Baddoo,DET,"LF,CF",514,74,17,62,20,0.25,0.324,126,24,7,55,148,0.422,0.745,420
Raimel Tapia,COL,LF,485,68,7,49,18,0.284,0.335,135,28,4,36,84,0.401,0.736,378
AJ Pollock,LAD,"LF,CF",439,64,23,73,7,0.272,0.322,118,25,1,33,99,0.484,0.806,397.5
Luis Urias,MIL,"2B,3B,SS",500,74,20,70,6,0.256,0.336,125,25,2,59,116,0.433,0.769,418
Nathaniel Lowe,TEX,1B,534,76,21,74,5,0.259,0.349,135,25,2,73,150,0.435,0.784,433
Amed Rosario,CLE,"SS,CF",536,73,13,60,12,0.279,0.317,148,26,6,30,112,0.417,0.734,401
Jo Adell,LAA,"LF,RF",463,59,20,68,8,0.243,0.292,111,22,3,32,146,0.43,0.722,346
Mark Canha,NYM,"LF,CF,RF",482,78,18,64,8,0.244,0.342,115,22,3,71,126,0.406,0.748,406
Kolten Wong,MIL,2B,518,79,14,57,15,0.271,0.329,138,31,3,44,95,0.42,0.749,427.5
Jesus Aguilar,MIA,1B,464,60,23,81,0,0.263,0.337,121,22,0,51,103,0.457,0.793,397.5
Andrew Vaughn,CWS,"1B,LF,RF",439,59,18,57,2,0.25,0.32,107,23,1,44,102,0.433,0.753,341
Tommy Pham,,"LF,CF",452,68,16,56,15,0.256,0.352,113,22,2,65,113,0.416,0.768,389.5
Luke Voit,NYY,1B,307,47,18,52,0,0.257,0.331,73,11,1,32,83,0.475,0.806,259.5
Eduardo Escobar,NYM,"1B,2B,3B",524,69,24,78,2,0.247,0.307,128,24,4,45,119,0.444,0.751,420.5
Anthony Santander,BAL,"RF,DH",515,68,24,74,2,0.251,0.295,128,30,1,32,118,0.453,0.748,406
Brendan Rodgers,COL,"2B,SS",507,68,18,67,1,0.282,0.32,141,28,3,28,109,0.459,0.779,388.5
Bobby Dalbec,BOS,"1B,3B",433,59,26,71,3,0.237,0.3,100,20,3,38,157,0.474,0.774,348.5
Miguel Sano,MIN,1B,513,78,34,85,2,0.229,0.316,115,25,1,64,202,0.478,0.794,434
Harrison Bader,STL,CF,476,66,19,61,13,0.249,0.314,117,25,2,44,128,0.429,0.743,382
Kike Hernandez,BOS,"2B,CF",527,83,22,69,2,0.254,0.326,132,32,3,55,114,0.452,0.777,447
Jonathan Schoop,DET,"1B,2B",562,75,22,75,2,0.267,0.306,148,26,2,32,123,0.434,0.74,418.5
Wil Myers,SD,"LF,RF",501,67,22,72,10,0.249,0.327,123,27,2,57,161,0.439,0.766,406.5
Mike Yastrzemski,SF,"CF,RF",493,74,24,70,4,0.244,0.322,119,28,4,56,139,0.456,0.777,421.5
Max Kepler,MIN,"CF,RF",489,74,24,69,8,0.234,0.319,113,26,3,60,108,0.442,0.761,435
Myles Straw,CLE,CF,503,72,4,42,27,0.268,0.343,133,23,2,57,110,0.342,0.685,371
Alec Bohm,PHI,3B,461,58,13,59,5,0.264,0.325,121,22,1,41,118,0.404,0.729,329
Kyle Lewis,SEA,CF,448,59,18,57,5,0.249,0.328,109,17,1,52,138,0.409,0.737,327
Josh Rojas,ARI,"2B,3B,SS,LF,RF",495,71,13,52,13,0.258,0.335,125,28,3,56,125,0.402,0.737,384.5
Isiah Kiner-Falefa,NYY,SS,465,57,7,42,14,0.27,0.31,126,19,3,27,70,0.37,0.681,320
Gavin Lux,LAD,"2B,SS,LF,CF",356,53,11,47,5,0.259,0.332,89,16,3,38,82,0.411,0.744,281
Brandon Nimmo,NYM,"LF,CF",462,78,14,50,8,0.268,0.375,120,24,4,77,115,0.427,0.802,399.5
Gio Urshela,MIN,"3B,SS",459,57,15,62,1,0.269,0.312,121,26,2,28,104,0.427,0.739,336
Marcell Ozuna,ATL,LF,503,73,27,87,3,0.267,0.342,132,22,1,56,125,0.468,0.81,446.5
Adam Frazier,SEA,"2B,LF",515,70,8,47,7,0.274,0.328,139,27,4,41,72,0.385,0.713,373
Eric Hosmer,SD,1B,498,60,16,70,5,0.267,0.326,132,24,1,43,106,0.415,0.741,377
Jeff McNeil,NYM,"2B,LF",479,64,13,56,4,0.277,0.332,132,27,2,38,73,0.417,0.749,373.5
Rowdy Tellez,MIL,1B,387,53,20,60,1,0.256,0.319,98,20,1,35,91,0.464,0.784,325.5
Evan Longoria,SF,3B,412,56,17,61,2,0.251,0.316,102,21,1,39,106,0.427,0.743,322
Jeimer Candelario,DET,3B,543,73,18,71,1,0.262,0.34,141,34,3,63,135,0.435,0.775,431.5
Garrett Hampson,COL,"2B,CF",351,49,9,33,15,0.251,0.306,86,16,4,27,88,0.401,0.708,261
Cavan Biggio,TOR,"3B,RF",427,63,15,54,8,0.236,0.343,99,21,2,68,127,0.395,0.738,344.5
Nicky Lopez,KC,SS,484,64,4,43,15,0.273,0.334,130,21,4,44,74,0.354,0.688,344
Jesus Sanchez,MIA,"LF,RF",479,61,23,71,3,0.254,0.314,121,19,5,42,140,0.458,0.772,376
Randal Grichuk,TOR,"CF,RF",447,59,21,67,1,0.245,0.289,108,24,2,27,105,0.447,0.736,348.5
Keibert Ruiz,WSH,C,384,49,16,56,1,0.267,0.321,100,19,1,30,54,0.443,0.764,315
Travis d'Arnaud,ATL,C,368,45,14,52,1,0.25,0.311,88,17,0,31,95,0.414,0.725,260.5
Tyler Stephenson,CIN,"C,1B",411,58,13,54,0,0.271,0.344,110,23,1,46,93,0.421,0.766,322.5
Mitch Garver,TEX,C,379,55,21,57,1,0.242,0.325,91,19,1,46,124,0.456,0.781,314
Nick Solak,TEX,2B,372,48,11,43,6,0.258,0.315,93,16,1,30,87,0.392,0.707,261.5
Christian Vazquez,BOS,C,388,45,9,44,6,0.26,0.311,101,20,1,29,77,0.382,0.693,271.5
Andrew McCutchen,MIL,LF,443,67,21,63,5,0.241,0.34,104,21,1,64,114,0.43,0.77,380
Spencer Torkelson,DET,"1B,3B",430,64,23,67,3,0.249,0.328,105,22,2,50,109,0.47,0.798,379.5
Nick Madrigal,CHC,2B,468,60,5,47,10,0.296,0.337,138,23,5,29,42,0.397,0.735,354
Joc Pederson,SF,"LF,CF,RF",406,60,21,62,2,0.237,0.307,94,18,2,40,108,0.439,0.746,332
Didi Gregorius,PHI,SS,445,55,17,65,4,0.245,0.295,106,21,3,31,77,0.421,0.716,345.5
Patrick Wisdom,CHC,"1B,3B,LF",487,69,30,80,6,0.222,0.293,107,19,1,48,197,0.45,0.743,378.5
David Peralta,ARI,LF,470,57,12,64,2,0.27,0.329,126,26,5,41,96,0.421,0.751,359
Sean Murphy,OAK,C,383,51,18,52,0,0.229,0.31,86,20,1,45,113,0.413,0.723,292.5
Seiya Suzuki,CHC,RF,468,70,23,70,8,0.265,0.352,121,23,1,61,105,0.471,0.823,426.5
Oneil Cruz,PIT,SS,430,58,18,60,14,0.267,0.321,114,22,4,34,111,0.457,0.778,366.5
Bobby Bradley,CLE,1B,416,57,25,67,1,0.219,0.29,90,18,1,41,157,0.446,0.736,317.5
David Fletcher,LAA,"2B,SS",568,70,4,47,11,0.275,0.32,154,29,3,37,61,0.357,0.677,382.5
Dominic Smith,NYM,"1B,LF",362,45,13,53,2,0.255,0.309,92,20,1,28,90,0.422,0.731,272
Joey Wendle,MIA,"2B,3B,SS",405,54,9,43,9,0.261,0.305,106,23,3,26,91,0.394,0.699,292.5
Omar Narvaez,MIL,C,365,47,12,46,0,0.261,0.335,94,16,0,41,82,0.402,0.737,267
Willie Calhoun,TEX,"LF,DH",417,53,15,52,2,0.256,0.314,105,19,2,34,68,0.422,0.736,318
LaMonte Wade Jr.,SF,"1B,LF,RF",423,60,16,56,7,0.242,0.325,100,20,3,50,105,0.416,0.741,340.5
Carson Kelly,ARI,C,358,47,15,51,0,0.246,0.331,87,16,1,45,87,0.421,0.752,281.5
Lane Thomas,WSH,"LF,CF,RF",403,58,15,53,10,0.24,0.32,94,21,3,47,117,0.413,0.733,324.5
Paul DeJong,STL,SS,413,56,19,58,5,0.229,0.299,93,18,1,41,116,0.415,0.714,315
Christian Walker,ARI,1B,457,63,17,63,2,0.254,0.321,115,26,2,45,122,0.427,0.747,355
Manuel Margot,TB,"LF,CF,RF",421,55,11,52,15,0.255,0.317,106,21,3,37,81,0.397,0.714,334.5
Pavin Smith,ARI,"1B,LF,CF,RF",449,59,12,51,2,0.268,0.331,120,24,4,42,92,0.414,0.746,338
Abraham Toro,SEA,"2B,3B",302,40,10,39,5,0.25,0.314,69,13,1,26,55,0.4,0.714,225.5
Jonathan Villar,CHC,"2B,3B,SS",381,53,12,41,17,0.253,0.321,95,16,2,37,106,0.4,0.722,293
Carlos Santana,KC,1B,436,60,17,59,2,0.233,0.342,102,17,1,72,83,0.387,0.729,360.5
Gary Sanchez,MIN,C,356,50,21,55,0,0.212,0.297,75,14,1,43,111,0.429,0.727,282.5
Connor Joe,COL,"1B,LF",334,50,13,50,2,0.269,0.353,90,19,1,43,81,0.45,0.803,289.5
Adley Rutschman,BAL,C,351,47,14,45,2,0.25,0.327,87,17,1,39,79,0.429,0.756,275.5
Luis Arraez,MIN,"2B,3B,LF",514,72,5,51,4,0.299,0.361,151,26,4,49,59,0.395,0.756,385.5
Tyler Naquin,CIN,"LF,CF,RF",449,60,18,66,5,0.264,0.314,117,25,2,33,119,0.448,0.762,354.5
Cesar Hernandez,WSH,2B,507,72,14,55,3,0.26,0.329,130,24,2,52,110,0.394,0.723,370
Miguel Rojas,MIA,SS,512,66,10,51,12,0.27,0.322,137,28,2,39,77,0.388,0.71,380.5
Andres Gimenez,CLE,"2B,SS",423,54,13,46,18,0.246,0.287,104,21,2,24,108,0.402,0.689,310
Mike Moustakas,CIN,"1B,3B",453,60,23,72,2,0.244,0.313,110,24,1,46,104,0.451,0.765,383
Jarren Duran,BOS,CF,364,49,10,40,14,0.257,0.307,91,18,4,26,101,0.407,0.714,271.5
Rafael Ortega,CHC,"LF,CF,RF",420,60,13,47,13,0.258,0.328,106,20,3,43,97,0.405,0.733,334.5
J.P. Crawford,SEA,SS,570,78,10,56,7,0.261,0.331,147,31,2,58,110,0.372,0.703,406
Mike Zunino,TB,C,324,47,22,52,0,0.204,0.271,66,12,1,30,128,0.453,0.724,246
Nick Senzel,CIN,"2B,CF",391,55,11,45,11,0.262,0.325,102,23,3,37,85,0.416,0.741,317.5
Elias Diaz,COL,C,333,44,13,45,0,0.264,0.321,88,17,1,28,64,0.437,0.759,262
Yandy Diaz,TB,"1B,3B",439,62,13,58,1,0.269,0.362,116,21,1,63,82,0.405,0.767,357
Alejandro Kirk,TOR,C,310,43,14,47,1,0.268,0.337,81,18,0,32,51,0.459,0.796,271.5
Hunter Dozier,KC,"1B,3B,LF,RF",416,53,16,52,5,0.238,0.308,99,22,4,42,126,0.42,0.728,313
Lorenzo Cain,MIL,CF,401,54,10,45,14,0.266,0.332,105,20,1,39,83,0.394,0.726,312.5
Nico Hoerner,CHC,"2B,SS",357,43,4,37,9,0.275,0.335,95,18,2,31,63,0.372,0.707,250.5
Max Stassi,LAA,C,339,45,15,45,0,0.23,0.301,77,14,1,34,114,0.403,0.704,235
Victor Robles,WSH,CF,387,51,9,39,14,0.238,0.298,92,23,2,33,108,0.373,0.671,277
Garrett Cooper,MIA,"1B,RF",404,55,16,57,2,0.27,0.345,108,19,2,45,119,0.441,0.786,317.5
Kole Calhoun,TEX,RF,425,60,22,59,3,0.234,0.311,99,19,1,48,112,0.43,0.741,345
Brian Anderson,MIA,3B,446,55,17,59,6,0.249,0.322,111,21,1,48,122,0.411,0.734,337
Yadier Molina,STL,C,396,41,10,51,3,0.252,0.29,99,17,0,21,71,0.373,0.663,256.5
Kyle Isbel,KC,"CF,RF",292,41,8,32,9,0.256,0.312,75,14,2,24,79,0.398,0.71,216.5
Julio Rodriguez,SEA,RF,261,36,9,35,7,0.272,0.33,64,12,1,21,62,0.444,0.774,202
James McCann,NYM,"C,1B",368,40,12,45,2,0.238,0.294,87,14,1,29,111,0.376,0.67,228.5
Wilmer Flores,SF,"1B,2B,3B",354,49,15,50,1,0.269,0.329,95,18,1,32,54,0.447,0.776,300
Eric Haase,DET,"C,LF",265,34,14,39,1,0.22,0.278,58,10,1,21,99,0.415,0.693,183.5
Vidal Brujan,TB,"2B,RF",220,29,4,24,15,0.242,0.303,48,11,1,17,39,0.369,0.672,169.5
Kyle Farmer,CIN,"3B,SS",392,47,12,50,3,0.259,0.297,102,19,2,21,87,0.406,0.703,274.5
Austin Nola,SD,C,326,39,9,43,1,0.261,0.325,85,17,1,31,61,0.397,0.722,242.5
Jose Iglesias,BAL,"2B,SS",414,51,8,48,5,0.295,0.324,122,27,2,18,60,0.422,0.747,311
Gavin Sheets,CWS,"1B,RF,DH",403,54,20,65,1,0.255,0.32,101,19,1,37,101,0.456,0.776,329.5
Yoshi Tsutsugo,PIT,"1B,LF,RF",416,58,18,57,1,0.229,0.323,92,20,1,55,118,0.41,0.733,320
Bradley Zimmer,CLE,"CF,RF",290,39,8,32,13,0.222,0.295,64,12,1,30,112,0.353,0.648,194
Ramon Urias,BAL,"2B,SS",414,52,12,52,3,0.256,0.321,106,23,1,40,114,0.396,0.717,296
Tucker Barnhart,DET,C,335,36,8,38,0,0.231,0.3,77,16,1,33,92,0.347,0.646,205
Joey Bart,SF,C,349,41,9,38,1,0.238,0.282,83,15,1,21,113,0.368,0.65,197.5
Miguel Cabrera,DET,"1B,DH",445,49,15,61,0,0.253,0.314,111,16,0,39,110,0.388,0.702,297
Michael A. Taylor,KC,CF,447,51,13,48,12,0.236,0.287,104,21,2,32,135,0.376,0.663,291.5
Yan Gomes,CHC,C,269,35,10,37,1,0.25,0.3,67,13,1,19,66,0.418,0.718,196
Danny Jansen,TOR,C,311,46,15,45,1,0.233,0.309,71,16,1,34,76,0.439,0.748,255
Luis Garcia,WSH,"2B,SS",378,48,12,44,3,0.263,0.301,99,20,2,21,72,0.425,0.726,276
Sam Hilliard,COL,"LF,CF,RF",355,49,19,51,9,0.231,0.297,81,15,3,33,128,0.446,0.743,283
Ha-Seong Kim,SD,"2B,3B,SS",364,48,12,48,9,0.237,0.301,86,18,2,33,84,0.397,0.698,281
Keston Hiura,MIL,1B,255,35,12,36,4,0.232,0.295,59,13,1,23,90,0.42,0.715,193
Riley Greene,DET,CF,341,47,12,43,7,0.256,0.32,84,14,4,31,97,0.435,0.756,258.5
Tommy La Stella,SF,"2B,3B",403,57,12,47,1,0.268,0.332,105,20,2,38,47,0.41,0.742,319.5
Darin Ruf,SF,"1B,LF",288,42,15,44,2,0.257,0.349,74,14,1,41,89,0.454,0.803,251.5
Michael Chavis,PIT,"1B,2B",356,46,14,47,4,0.242,0.286,86,16,2,22,110,0.418,0.703,248
Jacob Stallings,MIA,C,362,40,9,42,1,0.25,0.324,89,18,1,40,88,0.377,0.701,244
Leury Garcia,CWS,"2B,3B,SS,LF,CF,RF",364,48,6,37,6,0.263,0.312,96,17,2,26,87,0.37,0.682,239.5
Bryan De La Cruz,MIA,"LF,CF,RF",430,51,11,48,4,0.271,0.323,116,20,3,33,108,0.403,0.725,295
Tyrone Taylor,MIL,"LF,CF,RF",312,41,13,46,5,0.246,0.299,74,14,2,23,75,0.431,0.73,242.5
Jose Miranda,MIN,3B,363,48,13,48,2,0.273,0.313,98,20,1,21,56,0.445,0.757,286
Elvis Andrus,OAK,SS,403,45,6,35,10,0.247,0.293,99,20,2,26,67,0.346,0.639,261.5
Brandon Marsh,LAA,CF,456,58,11,48,11,0.252,0.321,114,23,4,46,152,0.386,0.707,314
Yadiel Hernandez,WSH,"LF,RF",259,35,10,36,2,0.259,0.32,67,10,1,23,67,0.422,0.742,194.5
Aaron Hicks,NYY,CF,402,62,17,56,4,0.231,0.342,90,18,2,66,106,0.405,0.747,339
Josh Harrison,CWS,"2B,3B,SS,LF",376,45,8,43,7,0.264,0.308,96,20,2,23,58,0.391,0.7,270
Dylan Moore,SEA,"2B,3B,LF,RF",248,33,9,30,14,0.209,0.284,52,11,1,26,75,0.366,0.65,192.5
Austin Slater,SF,"LF,CF,RF",293,42,11,35,12,0.252,0.331,74,15,2,34,90,0.416,0.747,244
Tony Kemp,OAK,"2B,LF",390,55,8,40,9,0.256,0.343,100,19,3,52,66,0.372,0.715,311
Anthony Alford,PIT,"LF,CF",366,47,13,45,14,0.236,0.305,86,18,2,36,140,0.401,0.706,266
Robinson Cano,NYM,2B,360,44,12,47,1,0.266,0.313,96,20,1,25,66,0.416,0.728,272
Josh Jung,TEX,3B,136,18,5,19,1,0.273,0.327,26,6,0,8,14,0.457,0.784,98
Jorge Alfaro,SD,"C,LF",350,36,10,41,7,0.242,0.279,84,15,1,18,117,0.378,0.657,207.5
Clint Frazier,CHC,"LF,RF",312,42,13,41,3,0.236,0.323,74,17,1,40,99,0.414,0.737,242.5
Josh Lowe,TB,"LF,RF",127,17,5,17,5,0.241,0.316,31,6,1,14,41,0.406,0.722,103.5
Chas McCormick,HOU,"LF,CF,RF",276,40,11,39,6,0.245,0.315,68,11,1,28,81,0.398,0.714,215.5
Ben Gamel,PIT,"LF,CF,RF",423,56,10,45,6,0.25,0.34,106,24,3,58,132,0.388,0.728,308
Justin Upton,LAA,LF,328,48,17,47,3,0.222,0.302,73,13,0,38,107,0.416,0.718,252.5
Seth Brown,OAK,"LF,RF",424,55,21,62,5,0.226,0.282,94,21,2,32,139,0.428,0.709,315.5
Edmundo Sosa,STL,"2B,SS",341,44,9,37,5,0.262,0.3,89,14,3,19,76,0.394,0.694,234
Odubel Herrera,PHI,"LF,CF",365,47,11,45,5,0.262,0.314,96,21,2,28,74,0.429,0.743,281
Jurickson Profar,SD,"1B,2B,LF,CF,RF",399,54,10,47,10,0.241,0.321,96,20,2,47,72,0.376,0.697,314
Carter Kieboom,WSH,3B,421,57,13,52,2,0.241,0.322,101,18,1,50,112,0.378,0.7,299
Ji-Man Choi,TB,1B,384,54,16,58,1,0.236,0.342,90,20,1,62,121,0.409,0.75,312.5
Jose Barrero,CIN,"SS,CF",299,40,10,39,8,0.259,0.309,77,16,1,22,85,0.426,0.734,226.5
J.D. Davis,NYM,3B,296,40,11,39,2,0.262,0.342,78,16,1,36,88,0.425,0.767,232
Kevin Kiermaier,TB,CF,399,52,8,43,12,0.235,0.298,94,19,6,36,112,0.368,0.666,281
Seth Beer,ARI,"1B,DH",303,42,12,43,1,0.256,0.316,78,17,1,27,78,0.439,0.755,238
Rougned Odor,BAL,"2B,3B",325,42,17,48,3,0.213,0.273,69,15,1,27,99,0.419,0.692,243.5
Aristides Aquino,CIN,"LF,CF,RF",357,52,22,59,5,0.23,0.308,82,15,1,40,130,0.464,0.772,299
Ryan Jeffers,MIN,C,275,33,13,36,0,0.218,0.285,60,11,1,26,95,0.4,0.685,184.5
Francisco Mejia,TB,C,251,30,8,32,0,0.246,0.293,62,14,2,17,54,0.405,0.698,180
Jake Fraley,CIN,"LF,CF,RF",320,47,13,47,12,0.238,0.33,76,16,2,44,106,0.419,0.749,275
Corey Dickerson,STL,"LF,CF",334,43,10,41,4,0.27,0.315,90,19,3,22,68,0.426,0.741,257
Nick Ahmed,ARI,SS,463,55,10,51,7,0.241,0.299,112,27,3,38,106,0.377,0.676,320
Tom Murphy,SEA,C,253,30,11,32,1,0.214,0.293,54,10,1,28,85,0.384,0.677,170.5
Stephen Piscotty,OAK,RF,406,45,14,50,3,0.232,0.288,94,19,1,32,118,0.385,0.673,265
Chad Pinder,OAK,"2B,LF,RF",395,51,15,52,2,0.243,0.296,94,21,1,29,108,0.413,0.71,281
Leody Taveras,TEX,CF,184,23,5,19,8,0.22,0.284,40,8,1,16,53,0.367,0.651,126.5
Kyle Higashioka,NYY,C,266,32,14,39,0,0.212,0.268,56,12,0,20,80,0.405,0.672,187
DJ Stewart,BAL,"LF,RF",215,31,10,31,1,0.223,0.323,48,10,1,32,66,0.411,0.734,174
Victor Reyes,DET,"CF,RF",250,32,5,25,7,0.269,0.306,67,12,3,13,60,0.4,0.706,174
Brad Miller,TEX,"1B,2B,LF,RF",316,48,17,48,2,0.238,0.327,75,13,2,42,102,0.451,0.778,266
Luis Torrens,SEA,"C,1B,DH",237,27,9,31,0,0.24,0.303,57,11,1,21,63,0.409,0.712,165.5
Jackie Bradley Jr.,BOS,"LF,CF,RF",362,45,10,38,7,0.217,0.282,78,19,2,33,107,0.359,0.642,238.5
Pedro Severino,MIL,C,227,25,7,29,1,0.241,0.308,55,10,1,22,64,0.384,0.692,152
Adam Engel,CWS,"CF,RF",282,37,10,34,9,0.241,0.288,68,14,2,18,82,0.405,0.693,208
Roberto Perez,PIT,C,336,35,12,39,1,0.206,0.289,69,11,1,39,122,0.34,0.629,196
Jake Meyers,HOU,CF,342,45,12,47,7,0.247,0.3,85,17,1,26,102,0.405,0.705,251
Jeremy Pena,HOU,SS,343,43,12,40,7,0.248,0.295,85,14,3,23,89,0.41,0.705,245.5
Adam Eaton,,RF,191,28,5,20,3,0.25,0.318,48,9,1,19,44,0.377,0.695,140
Nick Gordon,MIN,"2B,SS,LF,CF",229,28,5,26,9,0.251,0.297,58,12,1,15,60,0.382,0.679,162
Jason Heyward,CHC,RF,305,39,9,35,5,0.244,0.321,74,14,2,34,66,0.39,0.71,229
Santiago Espinal,TOR,3B,327,42,5,35,7,0.274,0.331,90,17,1,28,60,0.379,0.71,236
Jonah Heim,TEX,C,183,20,7,23,2,0.231,0.283,42,9,0,13,42,0.39,0.673,127
Andy Ibanez,TEX,"1B,2B,3B",314,40,10,36,2,0.265,0.317,83,17,1,24,59,0.422,0.738,234.5
Niko Goodrum,HOU,"2B,SS,LF",224,30,7,26,8,0.225,0.296,50,10,1,23,80,0.376,0.672,156
Jed Lowrie,,"2B,DH",379,42,11,47,0,0.217,0.297,82,22,1,43,113,0.402,0.699,248.5
Bryson Stott,PHI,SS,301,40,9,34,5,0.253,0.322,76,15,1,31,80,0.405,0.727,220
Alex Dickerson,ATL,LF,213,31,10,31,1,0.257,0.318,55,10,1,19,54,0.451,0.769,174
Jorge Mateo,BAL,"2B,SS,CF",327,38,8,33,13,0.24,0.278,78,17,3,17,93,0.382,0.66,220.5
Tyler Wade,LAA,"2B,3B,SS,CF",241,35,4,21,16,0.239,0.307,58,11,1,24,68,0.342,0.649,177
Yonathan Daza,COL,"LF,CF,RF",222,25,3,22,3,0.282,0.325,63,11,2,14,43,0.379,0.704,148.5
Juan Yepez,STL,"1B,3B",216,30,11,33,1,0.254,0.318,55,11,0,20,57,0.455,0.773,177.5
Colin Moran,,1B,315,38,12,48,1,0.258,0.325,81,15,1,31,84,0.423,0.749,239
Jordan Luplow,ARI,"1B,LF,CF,RF",280,41,13,42,3,0.237,0.333,66,16,1,40,86,0.436,0.769,239
Kevin Pillar,,"LF,CF,RF",261,34,9,35,5,0.252,0.282,66,14,2,11,50,0.421,0.704,201
Kevin Newman,PIT,"2B,SS",359,39,5,34,6,0.261,0.303,94,17,2,21,41,0.358,0.66,239.5
Lars Nootbaar,STL,RF,293,39,10,36,4,0.25,0.323,73,10,2,32,70,0.398,0.721,219
Triston Casas,BOS,"1B,3B",197,29,8,28,2,0.253,0.33,50,11,1,23,53,0.438,0.768,164.5
Trevor Larnach,MIN,"LF,RF",352,44,12,41,2,0.233,0.308,82,16,1,38,126,0.385,0.693,229
Matt Vierling,PHI,"1B,CF",303,37,9,35,7,0.253,0.305,72,13,2,22,80,0.397,0.702,208
Oscar Mercado,CLE,"LF,CF,RF",242,32,7,27,9,0.237,0.298,57,13,1,21,52,0.378,0.677,186
Andrelton Simmons,CHC,SS,396,44,5,37,4,0.256,0.305,101,17,1,28,55,0.336,0.641,247.5
Alcides Escobar,WSH,"2B,SS",368,47,6,38,4,0.255,0.295,94,19,1,21,74,0.359,0.654,236
Zach McKinstry,LAD,"2B,3B,LF,RF",117,16,4,17,2,0.244,0.303,29,6,1,10,33,0.413,0.715,90.5
Christian Arroyo,BOS,2B,282,39,10,38,3,0.25,0.295,71,16,1,18,73,0.423,0.718,210.5
Willi Castro,DET,"2B,SS,LF",130,17,4,14,3,0.251,0.294,33,5,2,8,33,0.401,0.696,93.5
Gregory Polanco,,RF,125,15,6,18,3,0.21,0.278,26,3,0,12,48,0.429,0.706,83
Josh Naylor,CLE,"1B,RF",307,40,11,39,2,0.265,0.32,81,17,1,25,66,0.434,0.754,237
Ben Rortvedt,NYY,C,245,29,9,29,1,0.221,0.281,54,10,1,20,72,0.376,0.657,157
Victor Caratini,SD,C,195,22,5,24,1,0.241,0.315,47,8,0,21,53,0.364,0.678,125.5
Cristian Pache,OAK,CF,350,41,10,37,6,0.228,0.278,80,18,2,25,106,0.369,0.647,224
Nolan Gorman,STL,"2B,3B",169,22,6,21,1,0.249,0.295,42,8,1,11,47,0.425,0.719,117.5
Matt Beaty,LAD,"1B,LF,RF",183,27,6,28,2,0.26,0.316,48,9,1,15,37,0.406,0.722,148.5
Brent Rooker,MIN,"LF,RF",226,31,12,31,1,0.224,0.296,51,11,1,23,90,0.431,0.727,166
Orlando Arcia,ATL,LF,186,24,6,24,3,0.25,0.305,46,8,0,15,34,0.401,0.706,138
Drew Waters,ATL,"LF,CF",95,13,2,9,4,0.242,0.3,23,6,0,8,27,0.373,0.673,67.5
Eric Sogard,,"2B,3B",135,16,2,13,2,0.246,0.304,33,6,1,11,23,0.342,0.646,88.5
Cole Tucker,PIT,"2B,SS,RF",280,35,6,27,7,0.232,0.303,65,13,3,29,68,0.358,0.661,195
Sandy Leon,CLE,C,137,13,4,13,0,0.194,0.259,27,4,0,12,40,0.314,0.573,69
William Contreras,ATL,C,83,11,4,11,0,0.244,0.306,20,4,0,7,26,0.437,0.743,60
Martin Maldonado,HOU,C,357,41,12,39,1,0.196,0.279,70,13,1,41,119,0.333,0.612,210.5
Steven Duggar,SF,CF,290,38,6,32,7,0.24,0.306,70,15,3,28,94,0.374,0.681,198
Jon Berti,MIA,"2B,3B",151,23,3,15,7,0.245,0.331,37,7,1,19,41,0.357,0.688,116.5
Shogo Akiyama,CIN,CF,201,24,3,19,4,0.248,0.318,50,10,1,21,47,0.369,0.687,133.5
Dom Nunez,COL,C,215,29,10,30,1,0.209,0.301,45,10,1,28,80,0.399,0.7,157
Edwin Rios,LAD,"1B,3B",150,22,8,25,0,0.23,0.295,35,8,0,14,43,0.445,0.74,122.5
Nolan Jones,CLE,3B,162,22,6,19,2,0.233,0.319,38,8,0,21,60,0.399,0.718,114
Jason Castro,HOU,C,146,20,6,18,0,0.219,0.317,32,7,0,21,52,0.388,0.704,103
Steven Kwan,CLE,CF,268,36,7,30,4,0.274,0.331,73,13,2,22,37,0.417,0.748,210.5
Lewin Diaz,MIA,1B,287,37,15,41,1,0.237,0.287,68,13,1,20,76,0.449,0.736,219
Donovan Solano,CIN,2B,253,30,5,29,1,0.281,0.325,71,14,1,16,49,0.399,0.724,174.5
Cal Raleigh,SEA,C,223,23,8,27,2,0.222,0.272,49,12,0,15,70,0.394,0.666,139
Gabriel Moreno,TOR,C,47,6,2,6,1,0.256,0.303,12,2,0,3,11,0.439,0.741,35.5
Mitch Moreland,,"1B,DH",271,37,14,43,0,0.237,0.306,64,13,1,27,70,0.433,0.739,221
Manny Pina,ATL,C,212,26,10,30,0,0.23,0.296,49,9,0,20,57,0.409,0.705,154.5
Kevin Plawecki,BOS,C,200,23,5,24,1,0.267,0.322,53,11,1,16,40,0.398,0.72,143
Aledmys Diaz,HOU,"1B,2B,3B,SS,LF",257,31,9,36,1,0.254,0.303,65,14,0,18,52,0.412,0.715,190
Taylor Walls,TB,SS,343,45,8,38,12,0.229,0.314,78,19,2,43,102,0.36,0.675,253
Starlin Castro,,3B,199,23,5,25,1,0.274,0.318,55,10,1,13,38,0.406,0.724,142
Mauricio Dubon,SF,"2B,3B,SS,CF",113,14,3,12,2,0.259,0.305,29,5,0,7,21,0.384,0.689,77.5
Matt Duffy,,"2B,3B",183,22,3,18,3,0.271,0.336,50,8,1,18,37,0.368,0.705,126.5
Jose Trevino,TEX,C,182,18,4,20,1,0.237,0.273,43,9,0,9,38,0.363,0.636,107
Jeter Downs,BOS,SS,45,6,1,4,2,0.213,0.274,9,2,0,4,9,0.364,0.638,30.5
MJ Melendez,KC,C,136,19,7,21,1,0.246,0.317,33,7,1,14,40,0.456,0.772,114
Wilson Ramos,,C,134,16,5,19,0,0.268,0.318,36,6,0,10,25,0.428,0.746,100.5
Nomar Mazara,SD,RF,249,30,8,32,1,0.241,0.298,60,12,1,20,68,0.392,0.69,169
Brennen Davis,CHC,CF,85,14,4,11,1,0.243,0.314,21,5,0,9,29,0.427,0.741,68.5
Corey Ray,MIL,RF,44,5,1,5,1,0.222,0.283,10,2,0,4,13,0.379,0.662,27.5
Yermin Mercedes,CWS,DH,38,4,1,5,0,0.252,0.3,10,2,0,3,7,0.408,0.708,26.5
David Bote,CHC,"2B,3B",194,24,7,27,1,0.229,0.305,44,8,1,21,50,0.383,0.687,140
Daniel Vogelbach,PIT,1B,233,34,11,34,0,0.232,0.354,54,10,0,44,68,0.418,0.772,196
Jose Siri,HOU,"CF,RF",205,26,7,25,9,0.232,0.279,48,9,1,13,73,0.393,0.672,142.5
Miguel Andujar,NYY,LF,83,11,3,11,0,0.259,0.299,22,3,0,5,16,0.419,0.718,59
Edward Olivares,KC,"LF,RF",137,18,5,16,4,0.261,0.309,36,6,1,9,28,0.433,0.741,108
Taylor Trammell,SEA,"LF,CF",100,13,4,12,2,0.208,0.288,21,4,0,11,34,0.357,0.645,68
Jake McCarthy,ARI,"CF,RF",268,35,7,30,15,0.229,0.291,61,12,4,23,86,0.382,0.673,200
Brett Gardner,,"LF,CF",288,41,9,33,4,0.232,0.324,67,13,3,39,74,0.374,0.698,222
Kevin Smith,OAK,"3B,SS",279,34,12,36,7,0.223,0.278,62,14,2,21,96,0.412,0.69,201
Andrew Stevenson,WSH,"LF,CF,RF",272,35,7,33,5,0.254,0.309,69,14,2,21,78,0.385,0.694,191
Mike Brosseau,MIL,"1B,2B,3B",221,30,9,30,2,0.236,0.3,52,10,1,20,68,0.402,0.702,161
Alek Thomas,ARI,CF,175,25,5,21,4,0.268,0.325,47,9,3,15,43,0.433,0.758,141.5
Evan White,SEA,1B,127,15,5,17,1,0.215,0.273,27,5,0,10,45,0.373,0.646,78.5
Kelvin Gutierrez,BAL,3B,323,33,7,32,3,0.241,0.294,78,12,3,24,90,0.361,0.655,189
Josh VanMeter,ARI,"2B,3B",264,35,9,34,5,0.237,0.32,63,15,2,32,80,0.403,0.723,206
Austin Hedges,CLE,C,319,35,12,38,1,0.198,0.249,63,11,0,22,101,0.351,0.6,179.5
Brendan McKay,TB,"SP,DH",22,3,1,3,0,0.2,0.273,4,1,0,2,7,0.343,0.616,14.5
Dexter Fowler,,RF,223,30,7,27,4,0.22,0.309,49,10,1,29,76,0.365,0.675,156
Greg Allen,PIT,RF,169,24,3,18,10,0.252,0.307,43,9,1,14,43,0.371,0.679,130.5
Daz Cameron,DET,"CF,RF",144,19,4,16,5,0.228,0.291,33,7,1,13,45,0.387,0.678,101.5
Luis Campusano,SD,C,114,13,4,14,0,0.249,0.307,28,6,1,9,28,0.409,0.716,81
Kurt Suzuki,LAA,C,161,18,5,20,0,0.236,0.286,38,7,0,11,32,0.363,0.65,105
Riley Adams,WSH,C,211,27,7,26,1,0.226,0.304,48,10,1,23,84,0.382,0.685,135
Curt Casali,SF,C,214,24,7,26,1,0.225,0.307,48,10,1,26,71,0.369,0.676,141.5
Austin Barnes,LAD,C,188,26,6,23,2,0.223,0.301,42,8,0,21,51,0.358,0.659,130.5
Nick Pratto,KC,1B,236,34,12,35,5,0.239,0.315,57,12,2,26,81,0.453,0.768,199.5
Adam Haseley,PHI,CF,258,32,6,28,5,0.245,0.296,63,11,1,19,66,0.364,0.66,168
Jace Peterson,MIL,"1B,2B,3B,LF,RF",166,23,5,21,5,0.242,0.333,40,8,1,22,41,0.381,0.713,134.5
Renato Nunez,BAL,"1B,3B",92,13,5,14,0,0.244,0.301,22,4,0,8,25,0.444,0.745,72.5
Thairo Estrada,SF,"2B,SS",220,31,8,28,3,0.261,0.306,58,10,1,14,50,0.414,0.72,167
Jake Burger,CWS,3B,65,8,3,9,0,0.248,0.3,16,3,0,5,17,0.423,0.723,47.5
Zack Collins,CWS,C,101,14,4,15,0,0.219,0.324,22,5,0,16,36,0.38,0.704,75
Sam Huff,TEX,"C,1B",43,5,2,6,0,0.212,0.261,9,2,0,3,17,0.387,0.648,26.5
Asdrubal Cabrera,,"1B,3B",234,30,8,34,1,0.239,0.313,56,13,1,25,55,0.404,0.717,180.5
Stephen Vogt,,C,136,16,5,18,1,0.219,0.294,30,7,1,14,35,0.382,0.677,99.5
Colton Welker,COL,3B,220,29,7,30,2,0.267,0.323,59,12,1,18,55,0.424,0.747,167.5
Nick Fortes,MIA,C,106,13,4,14,1,0.244,0.301,26,5,0,9,25,0.382,0.683,77.5
Austin Allen,OAK,C,183,21,8,23,0,0.243,0.285,44,10,1,11,50,0.415,0.7,129
Danny Santana,,"1B,CF",161,23,7,21,5,0.239,0.289,38,8,1,11,50,0.426,0.715,125
Marwin Gonzalez,,"1B,2B,3B,SS,LF",245,28,7,30,2,0.236,0.295,58,11,0,20,62,0.372,0.667,159
Royce Lewis,MIN,SS,51,6,1,6,2,0.232,0.281,12,3,0,3,11,0.339,0.62,35.5
Brett Phillips,TB,"LF,CF,RF",169,26,7,23,8,0.197,0.293,33,6,2,23,75,0.37,0.664,129.5
CJ Abrams,SD,SS,103,14,2,11,4,0.244,0.291,25,6,1,7,23,0.366,0.658,76.5
Lewis Brinson,HOU,"LF,CF",110,13,4,13,2,0.226,0.271,25,4,0,7,33,0.371,0.642,69.5
Johan Camargo,PHI,"1B,2B,3B",188,25,7,24,1,0.251,0.31,47,10,1,16,45,0.426,0.736,142.5
Sheldon Neuse,OAK,2B,117,14,4,14,2,0.245,0.292,29,6,1,8,40,0.394,0.686,80
Heliot Ramos,SF,CF,135,16,4,14,3,0.237,0.292,32,7,1,11,37,0.379,0.671,93.5
Andrew Knizner,STL,C,176,21,4,18,1,0.23,0.294,41,7,0,16,40,0.348,0.643,108
Matt Thaiss,LAA,1B,91,13,4,12,0,0.238,0.323,22,4,0,11,27,0.402,0.724,68.5
Robinson Chirinos,BAL,C,144,17,6,18,0,0.213,0.29,31,7,1,15,48,0.381,0.671,98
Sergio Alcantara,CHC,"2B,SS",156,20,3,15,3,0.23,0.314,36,6,1,19,47,0.34,0.654,99.5
Eric Thames,OAK,"1B,RF",344,44,15,44,3,0.218,0.297,75,16,1,38,111,0.397,0.693,246.5
JJ Bleday,MIA,RF,35,4,1,4,0,0.215,0.297,7,2,0,4,9,0.37,0.667,22.5
Geraldo Perdomo,ARI,SS,97,13,1,9,2,0.246,0.327,24,5,1,12,23,0.352,0.679,67.5
Shed Long Jr.,BAL,"2B,LF",147,18,5,17,3,0.232,0.296,34,7,1,13,43,0.397,0.693,103.5
Cooper Hummel,ARI,"C,LF",134,19,5,17,1,0.243,0.337,33,6,1,19,36,0.411,0.748,107
Yonny Hernandez,TEX,"2B,3B",127,17,1,11,8,0.238,0.33,30,5,0,18,26,0.328,0.658,93
Yu Chang,CLE,"1B,3B,SS",198,26,7,28,2,0.236,0.289,47,11,1,15,63,0.414,0.703,141.5
Reese McGuire,TOR,C,96,12,2,10,0,0.245,0.301,23,5,0,8,24,0.377,0.678,59
Isaac Paredes,DET,"2B,3B",99,12,3,11,0,0.251,0.324,25,5,1,11,18,0.396,0.72,75
Travis Swaggerty,PIT,CF,153,20,4,17,5,0.239,0.308,36,6,1,15,46,0.378,0.686,106
Michael Perez,PIT,C,165,17,5,19,1,0.2,0.269,33,7,1,16,51,0.347,0.617,98.5
DJ Peters,,"LF,CF,RF",43,6,2,7,0,0.209,0.271,9,2,0,4,17,0.386,0.658,29.5
Tomas Nido,NYM,C,168,17,4,18,1,0.222,0.259,37,7,1,8,47,0.349,0.608,91.5
Hoy Park,PIT,"2B,3B,SS",129,18,3,14,4,0.238,0.333,31,6,1,18,35,0.372,0.705,98.5
Luis Rengifo,LAA,"3B,SS,RF",163,21,5,18,4,0.24,0.299,39,7,1,14,38,0.382,0.681,118
Vimael Machin,OAK,SS,144,17,3,14,2,0.235,0.307,34,6,1,15,35,0.342,0.649,93.5
Andrew Knapp,CIN,C,139,16,4,16,0,0.216,0.304,30,6,1,18,51,0.341,0.646,85.5
Rylan Bannon,BAL,3B,150,18,6,17,2,0.217,0.29,33,7,1,15,38,0.385,0.675,109
Luis Guillorme,NYM,"2B,3B,SS",117,15,2,12,1,0.267,0.357,31,5,0,16,25,0.364,0.72,81.5
TJ Friedl,CIN,CF,125,17,4,14,3,0.256,0.32,32,5,1,12,27,0.402,0.722,96.5
Cam Gallagher,KC,C,110,12,2,11,0,0.246,0.304,27,6,0,9,22,0.361,0.666,68
Taylor Ward,LAA,"LF,CF,RF",98,15,4,13,1,0.252,0.329,25,5,0,11,30,0.422,0.75,77
Brock Holt,,3B,195,23,2,19,3,0.242,0.313,47,10,1,20,44,0.331,0.644,124
Alex Jackson,MIA,C,103,12,4,13,0,0.197,0.26,20,4,0,9,44,0.366,0.626,56
Romy Gonzalez,CWS,"3B,RF",77,10,3,9,2,0.235,0.289,18,4,0,6,24,0.4,0.69,55
Jake Rogers,DET,C,54,7,2,7,0,0.21,0.285,11,2,0,6,21,0.376,0.661,32.5
Khris Davis,,DH,178,24,9,28,0,0.227,0.292,40,7,1,17,57,0.434,0.726,133.5
Derek Hill,DET,CF,141,17,3,13,5,0.24,0.289,34,5,2,10,48,0.366,0.655,88
Seby Zavala,CWS,C,102,12,4,13,0,0.186,0.243,19,4,0,8,43,0.344,0.587,54.5
Joe Panik,,"1B,2B,3B",186,21,3,17,2,0.249,0.316,46,8,1,18,27,0.347,0.663,123.5
Garrett Stubbs,PHI,C,101,13,2,10,2,0.22,0.296,22,5,0,11,25,0.336,0.631,65.5
Michael Hermosillo,CHC,RF,86,13,3,12,3,0.222,0.298,19,4,0,9,33,0.406,0.703,62.5
Andrew Velazquez,LAA,SS,101,13,2,10,5,0.23,0.286,23,5,1,8,32,0.37,0.656,69
Estevan Florial,NYY,CF,92,13,4,11,3,0.239,0.323,22,4,0,11,38,0.381,0.704,68
Rafael Marchan,PHI,C,62,8,1,6,0,0.231,0.284,14,2,0,5,13,0.311,0.595,34.5
Jarrod Dyson,,"LF,CF,RF",158,20,2,13,11,0.216,0.281,34,6,1,14,39,0.299,0.58,106.5
Jacob Nottingham,BAL,DH,84,11,4,14,1,0.204,0.266,17,3,0,7,35,0.35,0.616,55.5
Danny Mendick,CWS,"2B,SS,RF",141,18,3,15,2,0.243,0.307,34,6,0,13,32,0.362,0.668,92
Austin Romine,LAA,C,80,9,2,10,0,0.237,0.272,19,3,0,4,20,0.345,0.617,46
Travis Shaw,,"1B,3B",182,23,8,25,1,0.222,0.31,40,8,0,23,57,0.402,0.711,132.5
Max Schrock,CIN,"2B,LF",132,17,3,15,2,0.259,0.31,34,6,1,10,29,0.394,0.704,92.5
Chance Sisco,SEA,C,51,7,2,6,0,0.207,0.297,11,2,0,7,16,0.336,0.633,35
Jose Peraza,NYY,"2B,3B",102,13,3,11,2,0.249,0.294,25,4,0,7,18,0.388,0.682,71
Tres Barrera,WSH,C,56,6,1,6,0,0.23,0.3,13,2,0,6,14,0.34,0.64,32
Ronald Guzman,NYY,1B,71,9,3,9,0,0.234,0.306,17,4,0,7,24,0.409,0.715,50
Phil Gosselin,,"1B,3B,LF",195,24,4,24,2,0.253,0.31,49,9,1,16,49,0.371,0.681,129.5
Patrick Mazeika,NYM,C,63,7,2,8,0,0.224,0.284,14,3,0,5,15,0.36,0.644,40.5
Luke Maile,CLE,C,75,9,2,8,1,0.214,0.283,16,4,0,7,25,0.328,0.612,45.5
Elehuris Montero,COL,3B,61,8,3,9,0,0.257,0.309,16,3,0,4,13,0.461,0.769,48.5
Ronald Torreyes,,"2B,3B,SS",169,20,3,17,2,0.235,0.27,40,7,1,8,22,0.357,0.626,107
Jose Herrera,ARI,C,61,7,2,8,0,0.23,0.304,14,3,0,7,17,0.364,0.668,41.5
Grayson Greiner,ARI,C,60,6,2,6,0,0.203,0.268,12,2,0,5,25,0.331,0.599,28.5
Bryan Lavastida,CLE,C,39,5,1,5,1,0.256,0.317,10,2,0,3,9,0.392,0.709,28.5
Jack Mayfield,LAA,"2B,3B,SS",140,18,5,20,2,0.234,0.284,33,7,0,10,34,0.404,0.688,102
Jose Godoy,MIN,C,65,7,2,8,0,0.235,0.297,15,3,0,6,18,0.388,0.685,41
Hanser Alberto,LAD,"2B,3B,SS",147,19,3,16,2,0.278,0.301,41,10,1,5,19,0.406,0.707,110.5
Albert Pujols,,1B,168,19,8,27,1,0.241,0.283,41,6,0,10,30,0.412,0.695,128
Aramis Garcia,CIN,C,90,10,3,10,0,0.204,0.263,18,4,0,7,33,0.372,0.635,48.5
Harold Castro,DET,"1B,2B,3B,SS",183,19,2,19,1,0.271,0.304,50,7,1,9,41,0.355,0.659,103.5
Mickey Moniak,PHI,CF,142,18,5,18,2,0.229,0.281,32,6,2,10,46,0.393,0.674,97
Dustin Garneau,DET,C,51,6,2,7,0,0.21,0.274,11,2,0,5,17,0.384,0.658,32.5
Jahmai Jones,BAL,2B,114,13,3,12,2,0.227,0.286,26,5,1,9,32,0.361,0.647,73
Ehire Adrianza,WSH,"3B,LF,RF",175,24,4,19,1,0.247,0.315,43,10,1,17,43,0.384,0.7,122.5
Connor Wong,BOS,C,29,3,1,3,0,0.251,0.289,7,2,0,2,9,0.403,0.692,18.5
Juan Lagares,,"LF,CF,RF",168,21,4,19,2,0.246,0.288,41,9,1,10,42,0.38,0.668,111
Ryan McKenna,BAL,"LF,CF,RF",87,12,2,10,2,0.22,0.302,19,4,1,10,27,0.363,0.665,60.5
Brian Goodwin,,"CF,RF",186,25,6,23,3,0.233,0.31,43,10,1,21,54,0.392,0.701,138
Emmanuel Rivera,KC,3B,72,9,2,9,1,0.251,0.296,18,3,0,5,17,0.401,0.696,48.5
Mark Kolozsvary,CIN,C,43,5,1,5,0,0.199,0.272,9,2,0,4,17,0.33,0.601,22.5
Korey Lee,HOU,C,20,2,1,2,0,0.244,0.297,5,1,0,2,4,0.385,0.682,15
Zach Reks,TEX,LF,68,9,3,8,0,0.232,0.302,16,3,0,7,26,0.382,0.683,45
Chad Wallach,LAA,C,37,4,1,4,0,0.205,0.272,8,1,0,3,13,0.321,0.593,18.5
Alan Trejo,COL,2B,151,18,5,18,2,0.249,0.29,37,8,1,9,41,0.412,0.702,104.5
Brett Cumberland,BAL,C,29,3,1,3,0,0.198,0.274,6,1,0,3,11,0.343,0.617,15.5
Charlie Culberson,TEX,"3B,LF",153,17,4,17,3,0.241,0.284,37,8,1,9,43,0.374,0.658,99.5
Mario Feliciano,MIL,C,20,2,1,2,0,0.236,0.283,5,1,0,1,6,0.359,0.642,13
Jordan Groshans,TOR,"3B,SS",68,9,2,9,0,0.269,0.335,18,5,0,7,10,0.362,0.697,56
Ali Sanchez,STL,C,31,3,0,3,0,0.242,0.289,8,1,0,2,7,0.303,0.593,14.5
Anthony Bemboom,BAL,C,50,6,2,5,0,0.204,0.272,10,2,0,5,16,0.329,0.602,30
Kyle Garlick,MIN,"LF,RF",43,6,2,6,0,0.235,0.281,10,2,0,3,14,0.415,0.696,30
Oswaldo Cabrera,NYY,"2B,SS",32,4,1,4,1,0.243,0.294,8,2,0,2,9,0.377,0.671,23.5
Sebastian Rivero,KC,C,43,4,1,5,0,0.227,0.283,10,2,0,3,13,0.34,0.623,23.5
Zack Short,DET,SS,53,7,2,7,1,0.212,0.298,11,2,0,6,17,0.376,0.675,36.5
Drew Butera,,C,55,5,1,5,1,0.179,0.241,10,2,0,4,19,0.274,0.515,24.5
Donovan Walton,SEA,2B,48,6,1,6,1,0.251,0.312,12,2,0,4,10,0.403,0.715,33
Rene Pinto,TB,C,32,4,1,4,0,0.229,0.272,7,2,0,2,10,0.366,0.638,20
Skye Bolt,OAK,CF,45,5,1,5,1,0.212,0.279,10,2,0,4,14,0.361,0.64,27
Jose Lobaton,,C,40,4,1,4,0,0.194,0.264,8,2,0,4,14,0.326,0.59,21
Brian Serven,COL,C,29,3,1,3,0,0.223,0.279,6,1,0,2,8,0.393,0.672,16
Taylor Davis,BAL,C,29,3,0,2,0,0.218,0.292,6,1,0,3,5,0.269,0.561,13.5
Ernie Clement,CLE,"2B,3B",70,8,1,6,1,0.249,0.291,17,3,0,4,11,0.342,0.633,41.5
Payton Henry,MIA,C,40,4,1,4,0,0.232,0.289,9,2,0,3,13,0.384,0.673,21.5
Gilberto Celestino,MIN,CF,48,6,1,5,0,0.225,0.281,11,3,0,4,12,0.374,0.655,30
Chadwick Tromp,ATL,C,27,3,1,3,0,0.212,0.25,6,1,0,1,8,0.323,0.573,15
Guillermo Heredia,ATL,"LF,CF",181,25,4,18,1,0.23,0.299,42,11,0,18,47,0.353,0.652,119.5
Webster Rivas,SD,C,28,3,1,2,0,0.212,0.264,6,1,0,2,8,0.304,0.567,15
Jamie Ritchie,PIT,C,29,4,0,3,0,0.244,0.32,7,1,0,3,6,0.332,0.652,16
Pat Valaika,,"2B,SS",167,18,5,17,1,0.226,0.27,38,8,0,10,47,0.353,0.624,97.5
Jake Marisnick,TEX,"LF,CF",137,18,5,17,3,0.225,0.272,31,7,1,9,44,0.385,0.657,96
Austin Wynns,BAL,C,66,8,1,5,0,0.222,0.263,15,1,0,4,15,0.294,0.557,30.5
Taylor Jones,HOU,"1B,LF",56,8,2,8,0,0.246,0.315,14,3,0,6,17,0.387,0.702,41.5
P.J. Higgins,CHC,C,29,3,0,3,0,0.217,0.283,6,1,0,3,5,0.312,0.595,14.5
Rob Brantly,NYY,C,18,2,0,2,0,0.205,0.25,4,1,0,1,3,0.331,0.581,9.5
Ryan Vilade,COL,LF,113,12,2,10,2,0.222,0.287,25,5,1,10,24,0.387,0.674,70
Monte Harrison,MIA,CF,139,18,5,15,8,0.212,0.272,29,5,0,12,63,0.345,0.617,88.5
Tony Wolters,,C,34,4,0,4,0,0.227,0.295,8,1,0,3,9,0.294,0.589,16.5
Matt Carpenter,,"1B,2B",193,27,7,25,2,0.209,0.318,40,10,1,31,69,0.365,0.683,143.5
Owen Miller,CLE,"1B,2B",143,16,3,16,1,0.247,0.294,35,7,1,10,37,0.378,0.673,89.5
Jonathan Arauz,BOS,"2B,SS",83,11,2,11,1,0.25,0.313,21,5,0,8,20,0.401,0.714,61
Tyler Payne,CHC,C,20,2,0,2,0,0.205,0.262,4,1,0,2,3,0.2,0.462,10.5
Michael Stefanic,LAA,2B,59,7,1,6,1,0.265,0.316,16,3,0,4,9,0.378,0.694,40.5
Nick Allen,OAK,SS,164,18,3,15,4,0.236,0.282,39,8,1,10,36,0.341,0.622,103
Tim Locastro,NYY,"LF,CF",118,17,2,11,5,0.235,0.284,28,6,1,8,26,0.354,0.639,84
Hunter Feduccia,LAD,C,10,2,0,1,0,0.253,0.311,2,1,0,1,2,0.353,0.663,7
Oswald Peraza,NYY,SS,49,6,1,5,2,0.253,0.297,12,2,0,3,12,0.384,0.681,32
Jason Vosler,SF,3B,32,4,1,4,0,0.229,0.298,7,2,0,3,8,0.396,0.695,22
Tucupita Marcano,PIT,2B,62,8,1,6,1,0.24,0.308,15,3,0,6,12,0.339,0.647,41
Nelson Velazquez,CHC,RF,53,7,2,7,1,0.247,0.293,13,3,0,3,17,0.423,0.716,37.5
Brendon Davis,LAA,"3B,LF",38,5,1,5,0,0.23,0.295,9,2,0,4,8,0.414,0.709,27
Luke Raley,LAD,"LF,RF",44,6,2,6,1,0.232,0.277,10,2,0,3,14,0.398,0.675,32
Alex Avila,,C,62,6,2,7,0,0.176,0.311,11,3,1,12,7,0.362,0.673,49.5
Daniel Robertson,,"CF,LF,RF",61,8,2,7,0,0.224,0.307,14,3,0,7,19,0.356,0.664,40.5
Collin Theroux,,C,15,2,0,1,0,0.161,0.24,2,0,0,2,7,0.267,0.508,3.5
Jake Lamb,LAD,"3B,LF,RF",74,10,3,11,0,0.215,0.308,16,3,0,10,22,0.402,0.709,54
Khalil Lee,NYM,RF,44,6,1,5,2,0.218,0.31,10,2,0,6,18,0.35,0.661,30
Peyton Burdick,MIA,"LF,CF",26,4,1,3,0,0.225,0.313,6,1,0,3,9,0.398,0.711,17.5
Franchy Cordero,BOS,"1B,LF",76,11,3,11,2,0.246,0.314,19,5,1,8,23,0.42,0.734,66.5
Nick Maton,PHI,"2B,SS",49,6,1,5,1,0.227,0.302,11,3,0,5,15,0.356,0.658,31.5
Josh Reddick,,RF,161,18,4,18,1,0.241,0.294,39,7,1,12,28,0.365,0.66,108
Christin Stewart,BOS,"LF,RF",74,9,3,10,0,0.236,0.303,18,4,0,7,23,0.431,0.734,52.5
Nick Martini,,"LF,RF",23,3,0,2,0,0.245,0.343,6,1,0,3,7,0.324,0.667,12.5
Jose Rojas,LAA,"2B,3B,RF",82,11,3,10,1,0.235,0.301,19,5,0,8,22,0.42,0.721,61
Jose Devers,MIA,2B,59,8,1,6,1,0.26,0.312,15,3,0,4,15,0.383,0.695,37.5
Travis Jankowski,NYM,CF,113,17,1,8,5,0.234,0.32,26,5,1,14,28,0.326,0.646,78
Pablo Reyes,MIL,3B,50,7,1,6,1,0.241,0.303,12,3,0,4,11,0.381,0.684,35.5
Alejo Lopez,CIN,"2B,3B,LF",39,5,0,4,0,0.269,0.321,11,2,0,3,6,0.361,0.682,24
Luis Barrera,OAK,"LF,RF",154,18,2,14,3,0.243,0.291,37,7,2,10,38,0.341,0.632,94
Rob Refsnyder,BOS,"LF,CF,RF",148,20,3,16,1,0.248,0.317,37,8,0,15,48,0.387,0.703,94
Eli White,TEX,"LF,CF,RF",120,15,3,12,3,0.216,0.28,26,5,1,11,41,0.348,0.628,74.5
Jonathan Aranda,TB,"1B,2B",56,7,2,7,1,0.246,0.308,14,3,0,5,13,0.379,0.687,42.5
Mason Martin,PIT,"1B,LF",124,16,6,18,1,0.22,0.283,27,7,0,11,49,0.419,0.702,87.5
Maikel Franco,WSH,3B,137,15,5,20,0,0.245,0.298,34,7,0,10,25,0.401,0.699,100.5
Micker Adolfo,CWS,RF,31,4,1,4,0,0.224,0.279,7,1,0,2,12,0.394,0.672,17
Stuart Fairchild,ARI,CF,34,4,1,4,1,0.231,0.291,8,2,0,3,8,0.375,0.665,25
Travis Demeritte,ATL,"2B,SS,RF",57,9,3,9,1,0.235,0.31,13,3,0,6,19,0.424,0.734,47.5
Drew Ellis,ARI,3B,98,14,3,12,0,0.216,0.3,21,5,0,12,34,0.371,0.671,64
Luke Williams,PHI,"2B,CF",109,13,2,11,3,0.227,0.286,25,5,1,9,30,0.348,0.634,70
Tyler Nevin,BAL,LF,51,6,2,6,0,0.234,0.307,12,2,0,5,12,0.396,0.703,35
Alfonso Rivas,CHC,"LF,RF",104,14,2,11,1,0.254,0.327,26,5,0,11,32,0.363,0.69,66
Lucius Fox,WSH,"2B,SS",31,4,0,3,2,0.222,0.299,7,1,0,3,9,0.319,0.618,18.5
Ryan O'Hearn,KC,"1B,RF,DH",86,10,4,12,0,0.237,0.303,20,4,0,8,26,0.413,0.715,61
Daniel Johnson,CLE,"LF,RF",65,8,3,8,1,0.228,0.285,15,4,0,5,22,0.395,0.68,47
Matt Joyce,,"LF,RF",107,14,3,13,0,0.228,0.331,24,5,0,16,31,0.353,0.684,73.5
Ian Desmond,,"LF,CF",148,19,5,19,2,0.227,0.285,33,7,1,12,40,0.395,0.679,104
Jordy Mercer,,"2B,3B",131,14,3,13,0,0.242,0.291,32,7,0,9,33,0.362,0.653,77.5
Aaron Altherr,,"LF,CF,RF",150,19,5,18,2,0.218,0.291,33,7,1,16,46,0.372,0.663,104
Billy Hamilton,,"LF,CF",106,14,1,8,8,0.213,0.272,23,4,1,8,32,0.296,0.568,68
Josh Palacios,TOR,RF,70,9,2,7,2,0.233,0.301,16,4,0,7,22,0.354,0.655,48
Rodolfo Castro,PIT,2B,56,7,2,7,0,0.23,0.276,13,3,0,4,15,0.396,0.673,37.5
Ender Inciarte,NYY,CF,32,4,0,3,1,0.235,0.304,7,1,0,3,7,0.294,0.598,17.5
Wilmer Difo,,"2B,3B,RF",104,12,2,9,1,0.241,0.307,25,4,1,10,26,0.342,0.649,64
Isan Diaz,MIA,"2B,3B",97,12,3,11,1,0.219,0.3,21,4,0,11,28,0.352,0.652,63
Yairo Munoz,PHI,2B,56,7,1,6,2,0.272,0.301,15,2,0,2,11,0.388,0.689,36.5
Jonathan Davis,MIL,CF,32,5,1,3,1,0.202,0.28,7,1,0,4,8,0.295,0.575,23
Cody Thomas,OAK,"LF,RF",111,13,4,13,0,0.208,0.269,23,5,1,9,41,0.391,0.66,66.5
Jared Oliva,PIT,RF,93,11,1,9,4,0.234,0.288,22,4,1,7,26,0.343,0.632,59
Jake Cave,MIN,"LF,CF,RF",63,8,2,7,0,0.238,0.291,15,3,0,5,20,0.374,0.665,39
Gabriel Arias,CLE,SS,75,9,2,9,1,0.265,0.309,20,4,0,5,17,0.402,0.712,52.5
Jaylin Davis,SF,LF,32,4,1,4,1,0.23,0.293,7,1,0,3,11,0.383,0.676,20.5
Greg Deichmann,CHC,RF,25,3,1,2,0,0.216,0.294,5,1,0,3,9,0.321,0.615,14.5
Darick Hall,PHI,1B,56,7,2,6,0,0.22,0.292,12,3,0,6,17,0.399,0.691,36.5
Willians Astudillo,MIA,"C,1B,3B",57,6,2,6,0,0.256,0.272,15,2,0,1,4,0.379,0.65,38
Roman Quinn,MIA,CF,67,9,1,5,5,0.218,0.279,15,2,1,6,23,0.33,0.609,44.5
John Nogowski,ATL,1B,79,8,1,7,0,0.243,0.298,19,3,0,6,17,0.359,0.657,41.5
Justin Smoak,,1B,86,11,4,12,1,0.217,0.308,19,4,0,11,26,0.389,0.698,66
Blake Rutherford,CWS,"LF,CF,RF",33,4,1,4,0,0.233,0.274,8,2,0,2,9,0.361,0.635,21.5
Jose Rondon,BAL,RF,49,6,2,6,0,0.229,0.281,11,2,0,4,11,0.383,0.664,33.5
David Dahl,MIL,"LF,RF",115,16,4,15,2,0.257,0.311,29,7,1,9,32,0.424,0.736,90
Travis Blankenhorn,NYM,2B,15,2,0,2,0,0.234,0.286,3,1,0,1,4,0.309,0.595,8
Austin Dean,SF,LF,66,9,2,10,0,0.255,0.32,17,5,0,6,8,0.418,0.738,56
Scott Kingery,PHI,RF,91,11,3,9,2,0.221,0.277,20,5,1,7,31,0.364,0.641,60.5
Tyler Freeman,CLE,SS,60,8,1,6,1,0.277,0.308,17,4,0,3,6,0.399,0.707,45
Donovan Casey,WSH,CF,48,5,2,5,1,0.221,0.267,10,2,0,3,17,0.355,0.622,28.5
Richie Martin,BAL,SS,54,6,1,5,1,0.22,0.269,12,2,0,4,15,0.33,0.6,29.5
Delino DeShields,,CF,66,8,1,5,3,0.228,0.31,15,3,0,8,17,0.312,0.621,43.5
Yusniel Diaz,BAL,"CF,RF",41,5,1,4,0,0.211,0.27,9,2,0,3,13,0.331,0.601,22.5
Jake Bauers,CIN,"1B,LF,RF",130,16,4,14,2,0.225,0.309,29,6,0,16,33,0.355,0.664,90.5
Steven Souza Jr.,SEA,RF,41,5,1,5,1,0.203,0.287,8,2,0,5,15,0.359,0.646,25.5
Magneuris Sierra,LAA,"LF,CF",56,7,0,4,3,0.246,0.292,14,2,0,4,7,0.292,0.584,35.5
Otto Lopez,TOR,"2B,SS",62,8,1,6,2,0.267,0.311,17,3,0,4,13,0.369,0.68,42.5
Chris Owings,BAL,"LF,RF",80,9,3,9,2,0.216,0.276,17,4,1,7,27,0.382,0.657,55.5
Curtis Terry,MIN,DH,54,6,2,7,0,0.227,0.272,12,3,0,3,15,0.402,0.674,34.5
Trent Giambrone,CHC,2B,62,7,2,6,1,0.227,0.289,14,3,0,5,18,0.371,0.66,39
Andrew Young,WSH,2B,28,4,1,4,0,0.224,0.272,6,1,0,2,9,0.353,0.625,17.5
Abraham Almonte,MIL,LF,46,9,2,5,1,0.243,0.369,11,2,0,9,15,0.404,0.773,40.5
Trayce Thompson,SD,RF,75,10,4,11,1,0.194,0.264,15,3,0,7,30,0.38,0.645,52
Rio Ruiz,,"1B,2B,3B",54,6,2,7,0,0.227,0.289,12,3,0,5,10,0.354,0.643,39
Ryan McBroom,,"1B,DH,RF",50,6,2,7,0,0.228,0.281,11,2,0,4,11,0.357,0.638,34.5
Taylor Motter,,3B,40,5,2,5,0,0.207,0.284,8,2,0,4,9,0.344,0.628,29.5
Eguy Rosario,SD,SS,31,4,0,4,1,0.257,0.321,8,2,0,3,6,0.326,0.648,22
Greg Bird,TOR,1B,45,5,2,7,0,0.222,0.296,10,2,0,5,10,0.412,0.709,34
Albert Almora Jr.,,CF,56,6,1,5,0,0.227,0.269,13,3,0,3,8,0.363,0.631,33
Domingo Leyba,SD,"2B,3B",42,5,1,6,0,0.244,0.295,10,3,0,3,9,0.401,0.696,29.5
Andy Burns,LAD,2B,40,5,1,4,0,0.21,0.288,8,2,0,4,8,0.345,0.633,25
Jack Lopez,DET,2B,37,4,1,4,1,0.224,0.264,8,1,0,2,8,0.346,0.611,22
Max Moroff,,2B,112,16,5,17,2,0.222,0.313,25,6,0,15,37,0.395,0.708,90.5
Ildemaro Vargas,CHC,"2B,3B",39,4,1,4,0,0.25,0.282,10,1,0,2,7,0.295,0.577,22.5
Yolmer Sanchez,BOS,"2B,3B",139,21,5,18,1,0.264,0.333,37,9,1,14,42,0.453,0.786,112
Brendan Donovan,STL,"2B,3B",25,4,0,3,1,0.265,0.323,7,1,0,2,3,0.369,0.692,18.5
Clay Dungan,KC,"2B,SS",23,3,0,2,1,0.26,0.304,6,1,0,1,4,0.306,0.609,14
Omar Estevez,LAD,"2B,SS",26,3,1,3,0,0.216,0.273,6,1,0,2,8,0.373,0.645,16
Johneshwy Fargas,NYM,CF,54,6,1,5,4,0.217,0.272,12,2,1,4,15,0.342,0.613,38.5
Mark Vientos,NYM,"3B,SS",18,2,1,3,0,0.236,0.288,4,1,0,1,5,0.505,0.793,13.5
Hunter Owen,PIT,RF,27,3,1,3,0,0.213,0.267,6,1,0,2,12,0.358,0.626,14
Jake Noll,WSH,"1B,2B,3B",29,3,0,4,0,0.25,0.294,7,2,0,2,6,0.353,0.647,17
Jedd Gyorko,,"1B,3B",27,4,1,3,0,0.226,0.3,6,1,0,3,8,0.382,0.681,18
Dillon Thomas,LAA,LF,32,4,1,3,1,0.2,0.262,6,1,0,3,15,0.328,0.59,16.5
Ryan Kreidler,DET,SS,27,4,1,3,1,0.232,0.291,6,1,0,2,8,0.371,0.663,19
Rusney Castillo,WSH,"LF,CF,RF",28,4,1,3,0,0.255,0.293,7,1,0,2,6,0.345,0.639,19
Ivan Castillo,KC,"2B,3B",27,3,0,2,1,0.265,0.301,7,1,0,1,5,0.327,0.628,14.5
Dustin Fowler,,CF,35,4,1,4,1,0.229,0.27,8,2,1,2,4,0.386,0.656,29
Kody Clemens,DET,2B,30,4,1,4,0,0.236,0.29,7,2,0,2,8,0.384,0.674,21
Ka'ai Tom,SF,LF,65,8,2,8,1,0.217,0.294,14,3,1,7,5,0.364,0.658,53.5
Hernan Perez,,2B,34,3,1,3,1,0.239,0.282,8,2,0,2,3,0.333,0.615,24.5
Gerardo Parra,WSH,LF,47,6,1,7,1,0.231,0.289,11,2,0,4,9,0.286,0.574,33.5
Nick Plummer,NYM,"LF,CF",22,3,1,2,0,0.206,0.295,5,1,0,3,7,0.311,0.605,15.5
Kean Wong,LAA,2B,41,5,1,4,0,0.252,0.298,10,2,0,3,11,0.286,0.583,24.5
Simon Muzziotti,PHI,CF,19,2,0,2,0,0.222,0.271,4,1,0,1,4,0.305,0.576,9
Kevin Padlo,SEA,3B,18,2,1,2,0,0.206,0.288,4,1,0,2,6,0.33,0.618,13
Buddy Reed,OAK,"LF,CF",24,3,0,2,1,0.191,0.257,5,1,0,2,6,0.258,0.515,13
Yolbert Sanchez,,"2B,SS",16,2,0,1,0,0.254,0.302,4,1,0,1,3,0.341,0.642,8.5
Jorge Ona,SD,"LF,RF",17,3,0,2,0,0.22,0.27,4,1,0,1,6,0.33,0.6,9
Jake Hager,ARI,2B,20,2,1,2,0,0.207,0.253,4,1,0,1,5,0.324,0.577,12.5
Todd Frazier,PIT,"1B,3B",57,7,2,7,0,0.241,0.303,14,3,0,5,11,0.308,0.61,41.5
Kyle Stowers,BAL,"CF,LF,RF",5,1,0,1,0,0.188,0.293,1,0,0,1,2,0.238,0.531,3
JT Riddle,,SS,36,4,1,3,0,0.196,0.232,7,2,0,2,5,0.286,0.518,21.5
Tim Lopes,COL,2B,18,2,0,2,1,0.257,0.298,5,0,0,1,4,0.292,0.591,10
Anderson Tejeda,STL,3B,30,3,1,3,1,0.183,0.233,5,1,0,2,7,0.304,0.537,17.5
Pedro Leon,HOU,"SS,CF",8,1,0,1,0,0.244,0.32,2,0,0,1,3,0.3,0.62,3.5
Phillip Evans,NYY,"1B,3B,LF,RF",69,8,1,6,0,0.223,0.295,15,3,0,7,4,0.267,0.562,44
Derek Fisher,MIN,RF,20,3,1,2,1,0.225,0.295,5,1,0,2,4,0.25,0.545,18
Billy McKinney,OAK,"1B,LF,RF",69,9,3,8,1,0.22,0.296,15,4,1,7,18,0.396,0.692,55
Erik Gonzalez,MIA,"1B,3B,SS",46,4,1,5,1,0.25,0.289,12,0,0,3,13,0.273,0.561,23.5
Mike Ford,SEA,1B,57,6,2,8,0,0.205,0.28,12,2,0,6,11,0.329,0.609,38.5
Adrian Sanchez,WSH,2B,27,3,0,2,0,0.233,0.269,6,1,0,1,5,0.26,0.529,11.5
Ronnie Dawson,CIN,DH,18,3,1,2,1,0.2,0.282,4,1,0,2,2,0.143,0.425,18
Justin Williams,PHI,"LF,RF",14,2,0,2,0,0.186,0.271,3,0,0,2,5,0.279,0.55,6.5
Tyler White,MIL,1B,13,2,0,2,0,0.231,0.333,3,1,0,2,3,0.308,0.641,9.5
Logan Warmoth,TOR,"2B,SS",17,2,0,2,0,0.197,0.268,3,1,0,2,6,0.276,0.544,8
Alex De Goti,HOU,2B,19,2,0,2,0,0.214,0.277,4,1,0,2,5,0.292,0.569,9.5
Scott Hurst,STL,CF,20,2,0,1,0,0.179,0.238,4,1,0,2,3,0.2,0.438,9.5
JaCoby Jones,KC,CF,60,8,2,6,1,0.232,0.287,14,2,0,5,18,0.167,0.454,38
Pete Kozma,,SS,39,3,0,2,0,0.181,0.228,7,1,0,2,9,0.219,0.446,11.5
Scott Schebler,COL,"CF,RF",38,4,1,4,0,0.195,0.254,7,3,0,3,10,0.375,0.629,23
Kyle Holder,COL,SS,10,1,0,1,0,0.24,0.293,2,1,0,1,2,0.315,0.608,6
Forrest Wall,SEA,"2B,CF",13,1,0,1,1,0.24,0.296,3,1,0,1,4,0.32,0.616,8
Dee Strange-Gordon,WSH,"2B,SS,LF",240,30,10,24,6,0.253,0.31,61,11,2,20,82,0.385,0.695,174
Luis Liberato,SD,CF,10,1,0,1,0,0.205,0.267,2,0,0,1,3,0.265,0.532,3.5
Eddy Alvarez,LAD,3B,39,7,1,3,2,0.208,0.274,8,1,0,4,24,0,0,20
Yohel Pozo,TEX,DH,82,9,3,11,0,0.274,0.296,23,4,0,3,10,0,0,61
Lane Adams,,"LF,CF,RF",8,1,0,1,0,0.176,0.269,1,0,0,1,3,0.236,0.505,2.5
Jason Martin,LAD,LF,46,8,1,4,2,0.213,0.308,10,1,0,6,12,0.36,0.668,32
Yoenis Cespedes,,"LF,CF,DH",98,12,4,13,1,0.224,0.281,22,4,0,8,33,0.394,0.674,64.5
Robel Garcia,CHC,"2B,3B,SS",36,4,2,6,0,0.214,0.283,8,0,0,4,18,0.265,0.548,21
Brett Sullivan,MIL,"C,LF",17,2,0,2,0,0.218,0.259,4,1,0,1,3,0.327,0.586,9.5
Sam Haggerty,SEA,LF,60,9,1,6,4,0.233,0.303,14,3,0,6,23,0.305,0.608,41.5
Wyatt Mathisen,SF,1B,29,5,2,5,0,0.228,0.343,7,1,0,5,16,0,0,24
Yasel Antuna,WSH,SS,40,5,1,5,0,0.206,0.273,8,3,0,4,5,0.318,0.591,29.5
Deven Marrero,,SS,22,2,1,2,0,0.116,0.174,3,1,0,2,10,0,0,10
Mark Payton,,RF,24,3,1,3,0,0.255,0.314,6,1,0,2,5,0,0,17.5
Nick Heath,ARI,CF,27,4,0,4,4,0.189,0.283,5,1,1,4,12,0,0,24
Brian Miller,MIA,"LF,CF",19,2,0,2,1,0.222,0.275,4,1,0,1,3,0.33,0.605,11.5
Ryan Dorow,TEX,3B,32,4,1,3,0,0.216,0.275,7,1,0,3,12,0.33,0.604,17
Tzu-Wei Lin,,LF,24,2,0,2,1,0.213,0.26,5,2,0,2,5,0,0,14.5
Alex Blandino,SF,1B,53,9,2,5,0,0.257,0.405,14,2,0,13,27,0,0,39.5
Donny Sands,PHI,C,71,9,3,9,1,0.231,0.299,16,3,0,7,25,0.395,0.693,48.5
Jonah Bride,OAK,"1B,3B",73,9,2,8,0,0.227,0.295,17,3,0,7,17,0.349,0.644,46.5
Richie Palacios,CLE,2B,85,12,2,9,3,0.262,0.33,22,5,0,9,17,0.4,0.729,67.5
Shea Langeliers,OAK,C,38,5,2,5,0,0.237,0.293,9,2,0,3,12,0.438,0.731,28
Esteban Quiroz,TB,"2B,SS",40,6,1,5,0,0.221,0.302,9,2,0,5,11,0.382,0.684,27.5
Everson Pereira,NYY,CF,27,3,1,4,1,0.219,0.265,6,1,0,2,10,0.372,0.636,18
Terrin Vavra,BAL,"2B,SS",25,3,1,3,1,0.235,0.303,6,2,0,2,6,0.388,0.691,21
Miles Mastrobuoni,TB,"2B,LF",5,1,0,1,0,0.256,0.353,1,0,0,1,1,0.263,0.616,3.5
David Banuelos,MIN,C,12,1,0,1,0,0.174,0.208,2,0,0,1,5,0.174,0.382,2.5
Mallex Smith,TOR,"LF,CF,RF",6,1,0,1,0,0.25,0.357,2,0,0,1,2,0.25,0.607,4
Ryan LaMarre,NYY,"LF,RF",40,6,2,7,1,0.25,0.318,10,3,0,4,12,0.387,0.705,37
Chavez Young,TOR,CF,33,4,0,5,2,0.24,0.296,8,2,0,3,10,0.32,0.616,23
